20000001;115280, г. Москва, ул. Восточная, д. 9 этаж 1 пом. IV ком. 1;0 ,  г. Москва,  ул. Восточная, д. 9
20000002;115280, г. Москва, ул. Ленинская Слобода, д. 26 помещение XIII КОМ. 27;0 ,  г. Москва,  ул. Ленинская Слобода, д. 26
20000003;117105, г. Москва, шоссе Варшавское, д. 1 стр. 1-2 ком. 3Б;0 ,  г. Москва,  Варшавское шосе, д. 1
20000004;117321, г. Москва, ул. Профсоюзная, д. 128, корп. 2, помещение I КОМ 17;0 ,  г. Москва,  ул. Профсоюзная, д. 128
20000005;121357, г. Москва, ул. Нежинская, д. 1 корп. 4 пом. VIII;0 ,  г. Москва,  ул. Нежинская, д. 1
20000006;142211, Московская обл, г. Серпухов, шоссе Московское, д. 51 пом. IX;0  Московская обл,  г. Серпухов,  московская обл, д. 51
20000007;111674, г. Москва, ул. Вольская 2-Я, 22, 2,  пом. 1П ком,1;0 ,  г. Москва,  ул. Вольская 1-Я,  2
20000008;119049, г. Москва, ул. Мытная, д. 28 стр. 3 этаж 1, пом. 2, кв. 1;0 ,  г. Москва,  ул. Мытная, д. 28
20000009;129110, Москва, Москва, Москва, пер Орлово-Давыдовский, 2/5, 2,  комн 4 А, 4 Б;0  Московская обл,  Москва,  пер Орлово-Давыдовский,  2
20000010;"""109044, г.Москва, ул. Крутицкий Вал, дом 8/22, пом. II, ком. 6;0 ,  г.Москва,  ул. Крутицкий Вал, дом 8
20000011;"""117105, г. Москва, шоссе Варшавское, д. 1 стр. 6 этаж 2 ком. 36, А205(БЦ """"W Plaza 2"""")""";0 ,  г. Москва,  Варшавское шосе, д. 1
20000012;"""117546, г.Москва, ул. Подольских Курсантов, дом 34, стр. 2, эт. 2, пом. III, ком. 3""""Б""""""";0 ,  г.Москва,  ул. Подольская, дом 34
20000013;"""119361, г.Москва, ул. Очаковская Б., дом 4, стр. 3, эт. 2, ком. 21;0 ,  г.Москва,  ул. Очаковская Б., дом 4
20000014;"""127015, г.Москва, проезд. Бумажный, дом 14, стр. 1, эт. 9, пом. I, ком. 1;0 ,  г.Москва,  мкрн. 1, дом 14
20000015;"""127349, г.Москва, ш. Алтуфьевское, дом 102Б, пом. VIII, ком. 1;0  Калужская,  г.Москва,  ш. Алтуфьевское, дом 102
20000016;"""129366, г.Москва, ул. Ярославская, дом 21, пом. 3, ком. 2222""""А""";0 ,  г.Москва,  ул. Ярославская, дом 21
20000017;"""129626, г.Москва, ул. Маломосковская, дом 22, стр. 12, эт. 1, пом. 1, ком. 1;0 ,  г.Москва,  ул. Маломосковская, дом 22
20000018;"""140207, Московская область, с.Константиново, Воскресенский р-он, ул. Рябиновая, дом ., стр. 1 """"А""""""";0  Московская область,  г.Воскресенск,  Воскресенский р-он,  1
20000019;"""140241, Московская область, п.Хорлово, Воскресенский р-он, ул. Садовая, дом 11 """"Б"""", пом. 3""";0  Московская область,  ПГТ.Хорлово,  Воскресенский р-он, дом 11
20000020;"""142191, г.Москва, км. Калужское шоссе 39-й, дом 13 """"Г"""", эт. 1, ком. 108""";0 ,  г.Москва,  ст. 1,  39
20000021;"""142784, Московская область, город Балашиха, дер.Черное, кв-л. 1, дом 52, корп. Админист, оф. ЗАО """"А""";0  Московская область,  город Балашиха,  вл. 1,  1
20000022;"""143050, Московская область, д.Малые Вяземы, Одинцовский р-он, проезд. Петровский, дом 2""""а"""", стр. 2, ком. 24""";0  Московская область, д.Малые Вяземы,  Дмитровский р-он, дом 2
20000023;"""143421, Московская область, нп Автодорога """"Балтия"""", р-он: Красногорский, ул. территория 26 км бизнес-центр """"Рига-Ленд"""", стр. Б, эт. 6, ком. 19""";0  Московская область,  с. Ям,  стр 6,  26
20000024;"""344018, Ростовская область, г.Ростов-на-Дону, ул. Московская, дом 72/27/, оф. 8""""а""""""";0  Ростовская область, г.Ростов-на-Дону,  ул. Московская, дом 72
20000025;"""Город Москва столица Российской Федерации город федерального значения)   Гражданство:  Российская Ф";0 , , , 
20000026;"101000, г. Москва, пер. Колпачный, д. 6 стр. 5 пом. II;0 ,  г. Москва,  пер. Колпачный, д. 6
20000027;"101000, г. Москва, пер. Уланский, д. 14 корп. А пом,ком. 1;0 ,  г. Москва,  пер. Уланский, д. 14
20000028;"101000, г. Москва, ул. Маросейка, д. 7/8 стр. 1 пом. I;0 ,  г. Москва,  ул. Маросейка, д. 7
20000030;"101000, г. Москва, ул. Покровка, д. 14/2 стр. 1 пом. VI;0 ,  г. Москва,  ул. Покровка, д. 14
20000031;"101000, г.Москва, пер. Колпачный, дом 6, стр. 5, пом. II;0 ,  г.Москва,  пер. Колпачный, дом 6
20000032;"101000, г.Москва, пер. Милютинский, дом 15, стр. 2А, оф. 2, пом. 1, ком. 1-5;0 ,  г.Москва,  пер. Милютинский, дом 15
20000033;"105005, г. Москва, ул. Бауманская, д. 7 стр. 1 пом. I;0 ,  г. Москва,  ул. Бауманская, д. 7
20000034;"105005, г. Москва, ул. Радио, д. 5 корп. 3 пом. №6;0 ,  г. Москва,  ул. Радио, д. 5
20000035;"105058, г. Москва, ул. Мироновская, д. 18 пом. I;0 ,  г. Москва,  ул. Мироновская, д. 18
20000036;"105062, г. Москва, пер. Фурманный, д. 9/12 этаж 3 пом. II ком. 1;0 ,  г. Москва,  пер. Фурманный, д. 9
20000038;"105066, г. Москва, ул. Красносельская Нижн, д. 45/17 пом,13;0 ,  г. Москва,  ул. Красносельская Нижн, д. 45
20000039;"105066, г. Москва, ул. Новорязанская, д. 38 пом. II;0 ,  г. Москва,  ул. Новорязанская, д. 38
20000040;"105066, г. Москва, ул. Новорязанская, д. 38 пом. IV;0 ,  г. Москва,  ул. Новорязанская, д. 38
20000041;"105066, г.Москва, ул. Красносельская Нижн., дом 35, стр. 50, эт. 1, оф. 5""А"", ком. 1Г";0 ,  г.Москва,  ул. Красносельская Нижн., дом 35
20000042;"105082, г. Москва, набережная Рубцовская, д. 3 стр.3 пом. I;0  Калужская обл,  г. Москва,  набережная Софийская, д. 3
20000043;"105082, г. Москва, пер. Спартаковский, д. 2 стр. 1 пом. III;0 ,  г. Москва,  пер. Спартаковский, д. 2
20000044;"105082, г. Москва, пер. Спартаковский, д. 2 стр. 1 секция 4;0 ,  г. Москва,  пер. Спартаковский, д. 2
20000045;"105082, г. Москва, пер. Спартаковский, д. 2 стр. 1 этаж 2 Н.П. 21;0 ,  г. Москва,  пер. Спартаковский, д. 2
20000046;"105082, г. Москва, ул. Бакунинская, д. 69 стр.1 антресоль 1 этажА;0 ,  г. Москва,  ул. Бакунинская, д. 69
20000047;"105094, г. Москва, набережная Семеновская, д. 2/1 стр. 1 пом. VII;0  Пензенская область,  г. Москва,  набережная Смоленская, д. 2
20000048;"105094, г. Москва, набережная Семеновская, д. 2/1 стр.1 пом. VII;0  Пензенская область,  г. Москва,  набережная Смоленская, д. 2
20000049;"105094, г. Москва, ул. Гольяновская, д. 3А корп. 3 пом. VI;0 ,  г. Москва,  ул. Гольяновская, д. 3
20000050;"105094, г. Москва, ул. Гольяновская, д. 3А корп. 3 пом.VI;0 ,  г. Москва,  ул. Гольяновская, д. 3
20000051;"105094, г. Москва, ул. Гольяновская, д. 3А корп. 3 пом.СЕЩЕНИЕ VI;0 ,  г. Москва,  ул. Гольяновская, д. 3
20000052;"105118, г. Москва, шоссе Энтузиастов, д. 34 этаж 1 пом. I ком. 37;0 ,  г. Москва,  ш Энтузиастов, д. 34
20000053;"105118, г. Москва, шоссе Энтузиастов, д. 34 этаж 3, П I, ком. 23;0 ,  г. Москва,  ш Энтузиастов, д. 34
20000054;"105120, г. Москва, пер. Наставнический, д. 6 1 этаж 1 пом. IV К 1;0 ,  г. Москва,  пер. Наставнический, д. 6
20000055;"105120, г. Москва, пер. Полуярославский М, д. 3/5 офис 401""В";0 ,  г. Москва,  пер. Полуярославский Б, д. 3
20000056;"105187, г. Москва, проезд Окружной, д. 19 этаж 1 пом. III ком. 7;0 ,  г. Москва,  проезд Окружной, д. 19
20000057;"105264, г. Москва, ул. Первомайская Верхн, д. 49 корп. 1 офис Э 4 П 1 К 15;0 ,  г. Москва,  ул. Первомайская Верхн, д. 49
20000058;"105318, г. Москва, ул. Ибрагимова, д. 35 стр. 2 пом. I;0 ,  г. Москва,  ул. Ибрагимова, д. 35
20000059;"105425, г. Москва, бульвар Сиреневый, д. 15 пом. VII;0 ,  г. Москва,  бульвар Сиреневый, д. 15
20000060;"105425, г. Москва, бульвар Сиреневый, д. 15 пом. VII ком. 3;0 ,  г. Москва,  бульвар Сиреневый, д. 15
20000061;"107023, г. Москва, ул. Семёновская М, д. 11/2 стр.4 пом. II;0 ,  г. Москва,  ул. Семеновская М, д. 11
20000062;"107023, г. Москва, ул. Электрозаводская, д. 24 пом. III ком. 25;0 ,  г. Москва,  ул. Электрозаводская, д. 24
20000063;"107031, г.Москва, ул. Рождественка, дом 6/9/20, стр. 1, эт. 3, пом. II, ком. 24;0 ,  г.Москва,  ул. Рождественка, дом 6
20000066;"107076, г. Москва, пер. Колодезный, д. 14 пом. XIII;0 ,  г. Москва,  пер. Колодезный, д. 14
20000067;"107076, г. Москва, ул. Богородский Вал, д. 3 стр. 32 этаж 2 пом. V ком. 57;0 ,  г. Москва,  ул. Богородский Вал, д. 3
20000068;"107076, г. Москва, ул. Бухвостова 1-Я, д. №12/11 корп. 12 этаж 1 пом. №I ком. 12;0 ,  г. Москва,  ул. Бухвостова 1-я,  1
20000069;"107076, г. Москва, ул. Матросская Тишина, д. 23 стр.1 пом.V;0 ,  г. Москва,  ул. Маршала Тимошенко, д. 23
20000070;"107078, г. Москва, пер. Козловский Б, д. 11 стр. 1 пом. II;0 ,  г. Москва,  пер. Козловский Б, д. 11
20000071;"107140, г. Москва, пер. Красносельский 1-Й, д. 3 пом. I;0 ,  г. Москва,  пер. Красносельский 1-й,  1
20000072;"107241, г.Москва, ш. Щелковское, дом 23А, эт. 7, пом. VIII, ком. 5;0  Московская бласть,  г.Москва,  ш. Щелковское, дом 23
20000073;"108825, г. Москва, Щаповское поселение, пос. Щапово, здание КОНТОРЫ А/Ф ""ЩАПОВО"" пом. 3";0  Московская обл,  г. Москва,  Вороновское поселение,  3
20000074;"108840, г. Москва, г. Троицк, ул. Лесная, д. 4Б этаж 5 П. 1 кв. 125;0 ,  г. Москва,  ул. Лесная, д. 4
20000075;"108841, г. Москва, г. Троицк, ул. Нагорная, д. 5 этаж ПОДВАЛ;0 ,  г. Москва,  ул. Нагорная, д. 5
20000076;"109004, г. Москва, ул. Николоямская, д. 43 корп. 4 пом. I;0 ,  г. Москва,  ул. Николоямская, д. 43
20000077;"109012, г. Москва, ул. Ильинка, д. 4 пом. 83-84 ком. 2;0 ,  г. Москва,  ул. Ильинка, д. 4
20000078;"109044, г. Москва, ул. Воронцовская, д. 20 этаж 2 пом. I ком. 9;0 ,  г. Москва,  ул. Воронцовская, д. 20
20000080;"109125, г. Москва, квартал Волжский Бульвар 95-Й корп. 5 пом. 5;0 ,  г. Москва,  Окский,  95
20000081;"109147, г. Москва, ул. Воронцовская, д. 35Б корп. 2 пом.I;0 ,  г. Москва,  ул. Воронцовская, д. 35
20000082;"109147, г. Москва, ул. Воронцовская, д. 35Б корп. 2 этаж 4;0 ,  г. Москва,  ул. Воронцовская, д. 35
20000083;"109147, г. Москва, ул. Марксистская, д. 34 корп. 8 этаж 3 пом. I К 5 А;0 ,  г. Москва,  ул. Марксистская, д. 34
20000084;"109202, г. Москва, шоссе Фрезер, д. 5/1 пом. I;0 ,  г. Москва,  Шоссейный проезд, д. 5
20000085;"109316, г. Москва, проспект Волгоградский, д. 26 стр. 1 этаж 14, ком. 1403;0 ,  г. Москва,  проспект Волгоградский, д. 26
20000086;"109382, г. Москва, ул. Люблинская, д. 141 пом. V ком.АТ 22;0 ,  г. Москва,  ул. Люблинская, д. 141
20000087;"109428, г. Москва, проспект Рязанский, д. 10 стр. 2 пом. VI;0 ,  г. Москва,  проспект Рязанский, д. 10
20000088;"109428, г.Москва, пр-кт. Рязанский, дом 16, стр. 2, пом. VII;0  Липецкая область,  г.Москва,  пр-кт. Рязанский, дом 16
20000089;"109431, г. Москва, ул. Привольная, д. 65/32 пом. IV;0 ,  г. Москва,  ул. Привольная, д. 65
20000090;"109431, г. Москва, ул. Привольная, д. 70 этаж 3 ком. 10А;0 ,  г. Москва,  ул. Привольная, д. 70
20000091;"109451, г. Москва, ул. Верхние Поля, д. 40 корп. 1 пом. V;0 ,  г. Москва,  ул. Верхние Поля, д. 40
20000092;"109456, г. Москва, проспект Рязанский, д. 75 корп. 4 ком. 2, 8;0 ,  г. Москва,  проспект Рязанский, д. 75
20000093;"109462, г. Москва, квартал Волжский Бульвар 114 А корп. 2 пом. 5;0 ,  г. Москва,  вл 11,  114
20000094;"111024, г. Москва, проезд Энтузиастов, д. 19 стр. 41 этаж 2 пом. IV ком. 3;0 ,  г. Москва,  проезд Энтузиастов, д. 19
20000095;"111024, г. Москва, ул. Авиамоторная, д. 50 стр. 2 пом. XIV;0 ,  г. Москва,  ул. Авиамоторная, д. 50
20000096;"111024, г. Москва, ул. Авиамоторная, д. 50 стр.2 пом.XIV;0 ,  г. Москва,  ул. Авиамоторная, д. 50
20000097;"111024, г.Москва, ул. Энтузиастов 2-я, дом 5, корп. 1, эт. 2, пом. VII, ком. 1""З""";0 ,  г.Москва,  ул. Энтузиастов 2-я,  2
20000098;"111024, г.Москва, ул. Энтузиастов 2-я, дом 5, корп. 3, эт. 3, пом. IX, ком. 2;0 ,  г.Москва,  ул. Энтузиастов 2-я,  2
20000099;"111033, г. Москва, ул. Самокатная, д. 4 стр. 1 этаж 2 пом. II ком. 76-80;0 ,  г. Москва,  ул. Самокатная, д. 4
20000100;"111116, г. Москва, ул. Энергетическая, д. 5 пом. I;0 ,  г. Москва,  ул. Энергетическая, д. 5
20000101;"111250, г. Москва, проезд Завода Серп И Молот, д. 6 корп. ПОДЪЕЗД 2 этаж 2 ком. 11;0 ,  г. Москва,  проезд Заводской, д. 6
20000102;"113184, г. Москва, пер. Новокузнецкий 1-Й, д. 5/7 корп. - ком. ПРАВЛЕНИЯ ЖСК ""ГНЕСИНЕЦ";0 ,  г. Москва,  пер. Новокузнецкий 1-й,  1
20000103;"114054, г.Москва, пер. Строченовский Б., дом 7, пом. XV;0 ,  г.Москва,  пер. Строченовский Б., дом 7
20000105;"115035, г. Москва, набережная Космодамианская, д. 4/22 корп. Б пом. IX;0  Кемеровская область,  г. Москва,  набережная Космодамианская, д. 4
20000106;"115035, г. Москва, набережная Космодамианская, д. 4/22 корп. Б пом.VIII;0  Кемеровская область,  г. Москва,  набережная Космодамианская, д. 4
20000107;"115035, г. Москва, набережная Космодамианская, д. 4/22 корп. Б этаж 1;0  Кемеровская область,  г. Москва,  набережная Космодамианская, д. 4
20000108;"115035, г. Москва, ул. Пятницкая, д. 29/8 этаж ""П"" ком. 6(Офисное здание «Пятницкая, 29»)";0 ,  г. Москва,  ул. Пятницкая, д. 29
20000109;"115088, г. Москва, ул. Шарикоподшипниковская, д. 2А пом.VII;0 ,  г. Москва,  ул. Пароходная, д. 2
20000110;"115093, г. Москва, пер. Щипковский 1-Й, д. 1 этаж 2 пом. I ком. 16;0 ,  г. Москва,  пер. Щипковский 1-й,  1
20000111;"115093, г. Москва, ул. Люсиновская, д. 15 этаж 1 ком. 15;0 ,  г. Москва,  ул. Люсиновская, д. 15
20000112;"115114, г. Москва, набережная Дербеневская, д. 11 корп. А офис БЦ ""ПОЛЛАРС(Бизнес-центр «Диод»)";0  Калужская пл,  г. Москва,  набережная Дербеневская, д. 11
20000113;"115114, г. Москва, ул. Летниковская, д. 5 этаж 1 пом. I ком. 7;0 ,  г. Москва,  ул. Летниковская, д. 5
20000115;"115162, г. Москва, ул. Шаболовка, д. 31Г антресоль 1этаж пом.72;0 ,  г. Москва,  ул. Шаболовка, д. 31
20000116;"115191 г Москва, Южный р-он Даниловский, ул Большая Тульская, д 2 пом III;0  Калужская область,  Юрасово,  ул. Большая Тульская,  2
20000117;"115230, г. Москва, проезд Хлебозаводский, д. 7 стр.9 этаж 9 пом. XVI;0 ,  г. Москва,  проезд Хлебозаводский, д. 7
20000118;"115230, гор.Москва, ш. Каширское, дом 12, эт. 2, пом. II, ком. 3;0  г Московская область,  гор.Москва,  ш. Каширское, дом 12
20000119;"115280, Москва,  г. Москва, ул. Ленинская Слобода,  д. 19, этаж 1 офис 41Х;0  Московская обл,  Москва,  ул. Ленинская Слобода, д. 19
20000121;"115280, г. Москва, ул. Ленинская Слобода, д. 19 ком. 41Ф1;0 ,  г. Москва,  ул. Ленинская Слобода, д. 19
20000122;"115516, г. Москва, ул. Промышленная, д. 11 стр.3 пом.I;0 ,  г. Москва,  ул. Промышленная, д. 11
20000123;"115522, г. Москва, проспект Пролетарский, д. 17 корп. 1 пом. II;0 ,  г. Москва,  проспект Пролетарский, д. 17
20000124;"115522, г. Москва, проспект Пролетарский, д. 19 корп. 3 1 этаж;0 ,  г. Москва,  проспект Пролетарский, д. 19
20000125;"115533, г. Москва, проспект Андропова, д. 22 этаж 17 пом. I ком. 39;0 ,  г. Москва,  проспект Андропова, д. 22
20000126;"117036, г. Москва, проезд Черёмушкинский, д. 3 корп. 2 пом. I;0 ,  г. Москва,  проезд Черёмушкинский, д. 3
20000127;"117041, г. Москва, ул. Академика Понтрягина, д. 21 корп. 1 пом. VII;0 ,  г. Москва,  ул. Академика Понтрягина, д. 21
20000128;"117042, г. Москва, ул. Академика Понтрягина, д. 21 корп. 1 пом. VII;0 ,  г. Москва,  ул. Академика Понтрягина, д. 21
20000129;"117042, г. Москва, ул. Южнобутовская, д. 139 пом. II;0 ,  г. Москва,  ул. Южнобутовская, д. 139
20000130;"117105, г. Москва, шоссе Варшавское, д. 1 стр. 6 ком. 2(БЦ ""W Plaza 2"")";0 ,  г. Москва,  Варшавское шосе, д. 1
20000131;"117105, г. Москва, шоссе Варшавское, д. 1 стр. 6 ком. 21 пом. 1 этаж 3(БЦ ""W Plaza 2"")";0 ,  г. Москва,  Варшавское шосе, д. 1
20000132;"117105, г. Москва, шоссе Варшавское, д. 1 стр. 6 ком. 28(БЦ ""W Plaza 2"")";0 ,  г. Москва,  Варшавское шосе, д. 1
20000133;"117105, г. Москва, шоссе Варшавское, д. 1 стр. 6 ком. 31, этаж 4(БЦ ""W Plaza 2"")";0 ,  г. Москва,  Варшавское шосе, д. 1
20000134;"117105, г. Москва, шоссе Варшавское, д. 1 стр. 6 ком. 39(БЦ ""W Plaza 2"")";0 ,  г. Москва,  Варшавское шосе, д. 1
20000135;"117105, г. Москва, шоссе Варшавское, д. 1 стр. 6 ком. 45А(БЦ ""W Plaza 2"")";0 ,  г. Москва,  Варшавское шосе, д. 1
20000136;"117105, г. Москва, шоссе Варшавское, д. 1 стр. 6 ком. 6(БЦ ""W Plaza 2"")";0 ,  г. Москва,  Варшавское шосе, д. 1
20000137;"117105, г. Москва, шоссе Варшавское, д. 1 стр. 6 ком. 7(БЦ ""W Plaza 2"")";0 ,  г. Москва,  Варшавское шосе, д. 1
20000138;"117105, г. Москва, шоссе Варшавское, д. 1 стр. 6 офис А-319(БЦ ""W Plaza 2"")";0 ,  г. Москва,  Варшавское шосе, д. 1
20000139;"117105, г. Москва, шоссе Варшавское, д. 1 стр. 6 офис №А123 пом. 1(БЦ ""W Plaza 2"")";0 ,  г. Москва,  Варшавское шосе, д. 1
20000140;"117105, г. Москва, шоссе Варшавское, д. 1 стр. 6 этаж /К 4/19(БЦ ""W Plaza 2"")";0 ,  г. Москва,  Варшавское шосе, д. 1
20000141;"117105, г. Москва, шоссе Варшавское, д. 1 стр. 6 этаж 1-КОМНАТА 38(БЦ ""W Plaza 2"")";0 ,  г. Москва,  Варшавское шосе, д. 1
20000142;"117105, г. Москва, шоссе Варшавское, д. 1 стр. 6 этаж 3 ком. 19 офис А314(БЦ ""W Plaza 2"")";0 ,  г. Москва,  Варшавское шосе, д. 1
20000143;"117105, г. Москва, шоссе Варшавское, д. 1 стр. 6 этаж 3 ком. 24 офис А-322(БЦ ""W Plaza 2"")";0 ,  г. Москва,  Варшавское шосе, д. 1
20000144;"117105, г. Москва, шоссе Варшавское, д. 1 стр. 6 этаж 3 ком. 33 пом. А311(БЦ ""W Plaza 2"")";0 ,  г. Москва,  Варшавское шосе, д. 1
20000145;"117105, г. Москва, шоссе Варшавское, д. 1 стр. 6 этаж 4 ком. 3 пом. А404(БЦ ""W Plaza 2"")";0 ,  г. Москва,  Варшавское шосе, д. 1
20000146;"117105, г. Москва, шоссе Варшавское, д. 1 стр. 6 этаж 4 ком. 30(БЦ ""W Plaza 2"")";0 ,  г. Москва,  Варшавское шосе, д. 1
20000147;"117152, г. Москва, проспект Севастопольский, д. 9 корп. 2 пом. II;0 ,  г. Москва,  проспект Старопетровский, д. 9
